{
  "version": 1,
  "author": "dafa novran",
  "editor": "wokwi",
  "parts": [
    { "type": "board-esp32-devkit-c-v4", "id": "esp", "top": 0, "left": 14.44, "attrs": {} },
    { "type": "wokwi-servo", "id": "servo1", "top": 7.6, "left": -278.4, "attrs": {} },
    { "type": "wokwi-servo", "id": "servo2", "top": 132.4, "left": -278.4, "attrs": {} },
    { "type": "wokwi-servo", "id": "servo3", "top": -30.8, "left": 249.6, "attrs": {} },
    { "type": "wokwi-servo", "id": "servo4", "top": 94, "left": 259.2, "attrs": {} },
    { "type": "wokwi-servo", "id": "servo5", "top": 247.6, "left": -19.2, "attrs": {} },
    { "type": "wokwi-mpu6050", "id": "imu1", "top": -82.58, "left": 21.52, "attrs": {} },
    {
      "type": "wokwi-pushbutton",
      "id": "btn1",
      "top": -51.4,
      "left": -86.4,
      "attrs": { "color": "green", "xray": "1" }
    }
  ],
  "connections": [
    [ "esp:TX", "$serialMonitor:RX", "", [] ],
    [ "esp:RX", "$serialMonitor:TX", "", [] ],
    [ "imu1:SDA", "esp:21", "green", [ "v-9.6", "h57.68", "v163.2" ] ],
    [ "imu1:SCL", "esp:22", "green", [ "v-19.2", "h57.68", "v144" ] ],
    [ "imu1:VCC", "esp:3V3", "red", [ "v-28.8", "h-86.32", "v134.4" ] ],
    [ "imu1:GND", "esp:GND.1", "black", [ "v-19.2", "h0.08", "v-19.2", "h-86.4", "v268.8" ] ],
    [ "servo1:PWM", "esp:13", "orange", [ "h0", "v29", "h230.4", "v48" ] ],
    [ "servo2:PWM", "esp:12", "orange", [ "h0", "v29", "h249.6", "v-86.4" ] ],
    [ "servo3:PWM", "esp:14", "orange", [ "h-57.6", "v77" ] ],
    [ "servo4:PWM", "esp:27", "orange", [ "h-105.6", "v-47.8" ] ],
    [ "servo5:PWM", "esp:26", "orange", [ "h48", "v-201.4" ] ],
    [ "servo1:V+", "esp:5V", "red", [ "h-9.6", "v57.7", "h230.4", "v67.2" ] ],
    [ "servo2:V+", "esp:5V", "red", [ "h-9.6", "v48.1", "h307.2" ] ],
    [ "servo5:V+", "esp:5V", "red", [ "h-19.2", "v-47.9", "h48" ] ],
    [ "servo4:V+", "esp:5V", "red", [ "h-86.4", "v67.3", "h-153.6" ] ],
    [ "servo3:V+", "esp:5V", "red", [ "h-38.4", "v201.7", "h-28.8" ] ],
    [ "servo4:GND", "esp:GND.1", "black", [ "h-220.8", "v9.6" ] ],
    [ "servo3:GND", "esp:GND.1", "black", [ "h-105.6", "v9.6" ] ],
    [ "servo5:GND", "esp:GND.1", "black", [ "h9.6", "v-144" ] ],
    [ "servo2:GND", "esp:GND.1", "black", [ "h0", "v-28.8" ] ],
    [ "servo1:GND", "esp:GND.1", "black", [ "h-19.2", "v96" ] ],
    [ "btn1:1.r", "esp:4", "green", [ "v0", "h182.6", "v144", "h-28.8" ] ],
    [ "btn1:1.l", "esp:GND.1", "green", [ "h-19.2", "v57.6", "h76.8", "v115.2" ] ]
  ],
  "dependencies": {}
}